{"cameraMode":{"drawMode":0,"name":"Shaded","section":"Shading Mode"},"sceneLighting":true,"audioPlay":false,"sceneViewState":{"m_AlwaysRefresh":false,"showFog":true,"showSkybox":true,"showFlares":true,"showImageEffects":true,"showParticleSystems":true,"showVisualEffectGraphs":true,"m_FxEnabled":true},"in2DMode":false,"pivot":{"x":-0.26034650206565859,"y":-2.833406925201416,"z":4.687780380249023},"rotation":{"x":-0.41613373160362246,"y":-0.22619464993476869,"z":0.10770788788795471,"w":-0.874141275882721},"size":7.9435906410217289,"orthographic":false}