{"cameraMode":{"drawMode":0,"name":"Shaded","section":"Shading Mode"},"sceneLighting":true,"audioPlay":false,"sceneViewState":{"m_AlwaysRefresh":false,"showFog":true,"showSkybox":true,"showFlares":true,"showImageEffects":true,"showParticleSystems":true,"showVisualEffectGraphs":true,"m_FxEnabled":true},"in2DMode":false,"pivot":{"x":-4.726860523223877,"y":8.320508003234864,"z":78.10549926757813},"rotation":{"x":-0.0006053066463209689,"y":-0.9989951848983765,"z":0.015297986567020417,"w":-0.04287567734718323},"size":7.9435906410217289,"orthographic":false}